{
  "type": "minecraft:block",
  "random_sequence": "basics_in_geometry:blocks/classroom_door",
  "pools": [
    {
      "rolls": 1.0,
      "conditions": [
        {
          "condition": "minecraft:survives_explosion"
        }
      ],
      "entries": [
        {
          "type": "minecraft:item",
          "name": "basics_in_geometry:classroom_door",
          "conditions": [
            {
              "block": "basics_in_geometry:classroom_door",
              "condition": "minecraft:block_state_property",
              "properties": {
                "half": "lower"
              }
            }
          ]
        }
      ]
    }
  ]
}