{
	"credit": "Made with Blockbench",
	"texture_size": [128, 128],
	"textures": {
		"0": "board",
		"particle": "board"
	},
	"elements": [
		{
			"from": [-15, 0, 15],
			"to": [31, 30, 16],
			"faces": {
				"north": {"uv": [0, 0, 5.75, 3.75], "texture": "#0"},
				"east": {"uv": [2, 8.25, 2.125, 12], "texture": "#0"},
				"south": {"uv": [0, 3.75, 5.75, 7.5], "texture": "#0"},
				"west": {"uv": [2.125, 8.25, 2.25, 12], "texture": "#0"},
				"up": {"uv": [7.75, 8.125, 2, 8], "texture": "#0"},
				"down": {"uv": [13.5, 8, 7.75, 8.125], "texture": "#0"}
			}
		},
		{
			"from": [29, 0, 13],
			"to": [31, 30, 15],
			"rotation": {"angle": 0, "axis": "y", "origin": [0, 0, -1]},
			"faces": {
				"north": {"uv": [0, 8, 0.25, 11.75], "texture": "#0"},
				"east": {"uv": [0.25, 8, 0.5, 11.75], "texture": "#0"},
				"south": {"uv": [0.5, 8, 0.75, 11.75], "texture": "#0"},
				"west": {"uv": [0.75, 8, 1, 11.75], "texture": "#0"},
				"up": {"uv": [7.25, 8.5, 7, 8.25], "texture": "#0"},
				"down": {"uv": [7.5, 8.25, 7.25, 8.5], "texture": "#0"}
			}
		},
		{
			"from": [-13, 2, 14],
			"to": [29, 28, 15],
			"rotation": {"angle": 0, "axis": "y", "origin": [-1, 0, -1]},
			"faces": {
				"north": {"uv": [5.75, 0, 11, 3.25], "texture": "#0"},
				"east": {"uv": [2.25, 8.25, 2.375, 11.5], "texture": "#0"},
				"south": {"uv": [5.75, 3.25, 11, 6.5], "texture": "#0"},
				"west": {"uv": [2.375, 8.25, 2.5, 11.5], "texture": "#0"},
				"up": {"uv": [7.25, 8.25, 2, 8.125], "texture": "#0"},
				"down": {"uv": [12.5, 8.125, 7.25, 8.25], "texture": "#0"}
			}
		},
		{
			"from": [-15, 0, 13],
			"to": [-13, 30, 15],
			"rotation": {"angle": 0, "axis": "y", "origin": [-45, 0, -1]},
			"faces": {
				"north": {"uv": [1, 8, 1.25, 11.75], "texture": "#0"},
				"east": {"uv": [1.25, 8, 1.5, 11.75], "texture": "#0"},
				"south": {"uv": [1.5, 8, 1.75, 11.75], "texture": "#0"},
				"west": {"uv": [1.75, 8, 2, 11.75], "texture": "#0"},
				"up": {"uv": [7.75, 8.5, 7.5, 8.25], "texture": "#0"},
				"down": {"uv": [8, 8.25, 7.75, 8.5], "texture": "#0"}
			}
		},
		{
			"from": [-13, 0, 13],
			"to": [29, 2, 15],
			"rotation": {"angle": 0, "axis": "y", "origin": [-44, 0, -1]},
			"faces": {
				"north": {"uv": [5.75, 6.5, 11, 6.75], "texture": "#0"},
				"east": {"uv": [6, 8.25, 6.25, 8.5], "texture": "#0"},
				"south": {"uv": [5.75, 6.75, 11, 7], "texture": "#0"},
				"west": {"uv": [6.25, 8.25, 6.5, 8.5], "texture": "#0"},
				"up": {"uv": [11, 7.25, 5.75, 7], "texture": "#0"},
				"down": {"uv": [11, 7.25, 5.75, 7.5], "texture": "#0"}
			}
		},
		{
			"from": [-6, 2, 13],
			"to": [1, 3, 15],
			"rotation": {"angle": 0, "axis": "y", "origin": [-44, 2, -1]},
			"faces": {
				"north": {"uv": [4.25, 8.25, 5.125, 8.375], "texture": "#0"},
				"east": {"uv": [8, 8.25, 8.25, 8.375], "texture": "#0"},
				"south": {"uv": [5.125, 8.25, 6, 8.375], "texture": "#0"},
				"west": {"uv": [8.25, 8.25, 8.5, 8.375], "texture": "#0"},
				"up": {"uv": [3.375, 8.5, 2.5, 8.25], "texture": "#0"},
				"down": {"uv": [4.25, 8.25, 3.375, 8.5], "texture": "#0"}
			}
		},
		{
			"from": [-13, 28, 13],
			"to": [29, 30, 15],
			"rotation": {"angle": 0, "axis": "y", "origin": [-44, 29, -1]},
			"faces": {
				"north": {"uv": [0, 7.5, 5.25, 7.75], "texture": "#0"},
				"east": {"uv": [6.5, 8.25, 6.75, 8.5], "texture": "#0"},
				"south": {"uv": [5.25, 7.5, 10.5, 7.75], "texture": "#0"},
				"west": {"uv": [6.75, 8.25, 7, 8.5], "texture": "#0"},
				"up": {"uv": [5.25, 8, 0, 7.75], "texture": "#0"},
				"down": {"uv": [10.5, 7.75, 5.25, 8], "texture": "#0"}
			}
		}
	]
}