{
	"credit": "Made with Blockbench",
	"textures": {
		"0": "BSODA",
		"particle": "BSODA"
	},
	"elements": [
		{
			"from": [6.5, 5, 4.75],
			"to": [9.5, 9, 7.75],
			"rotation": {"angle": 0, "axis": "y", "origin": [7, 5, 6.25]},
			"faces": {
				"north": {"uv": [0, 0, 3, 4], "texture": "#0"},
				"east": {"uv": [3, 0, 6, 4], "texture": "#0"},
				"south": {"uv": [0, 4, 3, 8], "texture": "#0"},
				"west": {"uv": [3, 4, 6, 8], "texture": "#0"},
				"up": {"uv": [9, 3, 6, 0], "texture": "#0"},
				"down": {"uv": [9, 3, 6, 6], "texture": "#0"}
			}
		}
	],
	"display": {
		"thirdperson_righthand": {
			"translation": [0, -1, 0.25]
		}
	}
}