{
	"credit": "Made with Blockbench",
	"texture_size": [64, 64],
	"textures": {
		"1": "chair",
		"particle": "chair"
	},
	"elements": [
		{
			"from": [0, 8, 15],
			"to": [16, 24, 16],
			"rotation": {"angle": 0, "axis": "y", "origin": [0, -8, 16]},
			"faces": {
				"north": {"uv": [4, 0, 8, 4], "texture": "#1"},
				"east": {"uv": [8.25, 8.5, 8.5, 12.5], "texture": "#1"},
				"south": {"uv": [4, 4, 8, 8], "texture": "#1"},
				"west": {"uv": [8, 8.5, 8.25, 12.5], "texture": "#1"},
				"up": {"uv": [9, 4, 8.75, 0], "rotation": 270, "texture": "#1"},
				"down": {"uv": [9.25, 0, 9, 4], "rotation": 90, "texture": "#1"}
			}
		},
		{
			"from": [0, 6, 0],
			"to": [16, 8, 16],
			"rotation": {"angle": 0, "axis": "y", "origin": [0, -5, 0]},
			"faces": {
				"north": {"uv": [4.5, 8, 8.5, 8.5], "texture": "#1"},
				"east": {"uv": [8, 5.5, 12, 6], "texture": "#1"},
				"south": {"uv": [8, 6, 12, 6.5], "texture": "#1"},
				"west": {"uv": [8, 6.5, 12, 7], "texture": "#1"},
				"up": {"uv": [4, 4, 0, 0], "texture": "#1"},
				"down": {"uv": [4, 4, 0, 8], "texture": "#1"}
			}
		},
		{
			"from": [14, 0, 13],
			"to": [16, 6, 16],
			"faces": {
				"north": {"uv": [6.5, 8.5, 7, 11.25], "texture": "#1"},
				"east": {"uv": [2.25, 8, 3, 10.75], "texture": "#1"},
				"south": {"uv": [7, 8.5, 7.5, 11.25], "texture": "#1"},
				"west": {"uv": [8, 2.75, 8.75, 5.5], "texture": "#1"},
				"up": {"uv": [9.5, 8.5, 9, 7.75], "texture": "#1"},
				"down": {"uv": [9.5, 8.5, 9, 9.25], "texture": "#1"}
			}
		},
		{
			"from": [0, 0, 13],
			"to": [2, 6, 16],
			"rotation": {"angle": 0, "axis": "y", "origin": [-14, 0, 0]},
			"faces": {
				"north": {"uv": [8.5, 7, 9, 9.75], "texture": "#1"},
				"east": {"uv": [3, 8, 3.75, 10.75], "texture": "#1"},
				"south": {"uv": [7.5, 8.5, 8, 11.25], "texture": "#1"},
				"west": {"uv": [3.75, 8, 4.5, 10.75], "texture": "#1"},
				"up": {"uv": [9.75, 0.75, 9.25, 0], "texture": "#1"},
				"down": {"uv": [9.75, 0.75, 9.25, 1.5], "texture": "#1"}
			}
		},
		{
			"from": [14, 0, 0],
			"to": [16, 6, 3],
			"rotation": {"angle": 0, "axis": "y", "origin": [0, 0, -13]},
			"faces": {
				"north": {"uv": [4.5, 8.5, 5, 11.25], "texture": "#1"},
				"east": {"uv": [0, 8, 0.75, 10.75], "texture": "#1"},
				"south": {"uv": [5, 8.5, 5.5, 11.25], "texture": "#1"},
				"west": {"uv": [8, 0, 8.75, 2.75], "texture": "#1"},
				"up": {"uv": [8.5, 7.75, 8, 7], "texture": "#1"},
				"down": {"uv": [9.25, 4, 8.75, 4.75], "texture": "#1"}
			}
		},
		{
			"from": [0, 0, 0],
			"to": [2, 6, 3],
			"rotation": {"angle": 0, "axis": "y", "origin": [-14, 0, -13]},
			"faces": {
				"north": {"uv": [5.5, 8.5, 6, 11.25], "texture": "#1"},
				"east": {"uv": [0.75, 8, 1.5, 10.75], "texture": "#1"},
				"south": {"uv": [6, 8.5, 6.5, 11.25], "texture": "#1"},
				"west": {"uv": [1.5, 8, 2.25, 10.75], "texture": "#1"},
				"up": {"uv": [9.25, 5.5, 8.75, 4.75], "texture": "#1"},
				"down": {"uv": [9.5, 7, 9, 7.75], "texture": "#1"}
			}
		}
	]
}