{
	"credit": "Made with Blockbench",
	"texture_size": [128, 128],
	"textures": {
		"0": "bigdesk",
		"particle": "bigdesk"
	},
	"elements": [
		{
			"from": [-16, 14, 0],
			"to": [32, 16, 16],
			"rotation": {"angle": 0, "axis": "y", "origin": [0, 0, 16]},
			"faces": {
				"north": {"uv": [7.125, 6.25, 13.125, 6.5], "texture": "#0"},
				"east": {"uv": [7.125, 6.625, 9.125, 6.875], "texture": "#0"},
				"south": {"uv": [7.25, 6.125, 13.25, 6.375], "texture": "#0"},
				"west": {"uv": [7.125, 6.375, 9.125, 6.625], "texture": "#0"},
				"up": {"uv": [2, 6, 0, 0], "rotation": 270, "texture": "#0"},
				"down": {"uv": [4, 0, 2, 6], "rotation": 90, "texture": "#0"}
			}
		},
		{
			"from": [-15, 0, 0],
			"to": [-5, 14, 16],
			"rotation": {"angle": 0, "axis": "y", "origin": [-20, 0, 16]},
			"faces": {
				"north": {"uv": [6, 6.125, 7.25, 7.875], "texture": "#0"},
				"east": {"uv": [4, 1.75, 6, 3.5], "texture": "#0"},
				"south": {"uv": [4, 7, 5.25, 8.75], "texture": "#0"},
				"west": {"uv": [4, 0, 6, 1.75], "texture": "#0"},
				"up": {"uv": [8, 2.625, 6, 1.375], "rotation": 270, "texture": "#0"},
				"down": {"uv": [4, 6, 2, 7.25], "rotation": 90, "texture": "#0"}
			}
		},
		{
			"from": [20, 0, 0],
			"to": [31, 14, 16],
			"rotation": {"angle": 0, "axis": "y", "origin": [46, 0, 0]},
			"faces": {
				"north": {"uv": [6, 4.375, 7.375, 6.125], "texture": "#0"},
				"east": {"uv": [4, 3.5, 6, 5.25], "texture": "#0"},
				"south": {"uv": [6, 2.625, 7.375, 4.375], "texture": "#0"},
				"west": {"uv": [4, 5.25, 6, 7], "texture": "#0"},
				"up": {"uv": [2, 7.375, 0, 6], "rotation": 90, "texture": "#0"},
				"down": {"uv": [8, 0, 6, 1.375], "rotation": 270, "texture": "#0"}
			}
		}
	],
	"groups": [
		{
			"name": "group",
			"origin": [0, 0, -30],
			"color": 0,
			"children": [0, 1, 2]
		}
	]
}