{
	"credit": "Made with Blockbench",
	"texture_size": [64, 64],
	"textures": {
		"1": "exitsign"
	},
	"elements": [
		{
			"from": [-9, 5, 7],
			"to": [-8, 12, 9],
			"rotation": {"angle": 0, "axis": "y", "origin": [-2, -2, 0]},
			"faces": {
				"north": {"uv": [4.5, 4.75, 4.75, 7], "texture": "#1"},
				"east": {"uv": [0, 4.5, 0.5, 6.75], "texture": "#1"},
				"south": {"uv": [4.75, 4.75, 5, 7], "texture": "#1"},
				"west": {"uv": [0.5, 4.5, 1, 6.75], "texture": "#1"},
				"up": {"uv": [5.25, 5.25, 5, 4.75], "texture": "#1"},
				"down": {"uv": [1.75, 5.25, 1.5, 5.75], "texture": "#1"}
			}
		},
		{
			"from": [8, 5, 7],
			"to": [9, 12, 9],
			"rotation": {"angle": 0, "axis": "y", "origin": [2, -2, 0]},
			"faces": {
				"north": {"uv": [4.5, 2.5, 4.75, 4.75], "texture": "#1"},
				"east": {"uv": [4, 1, 4.5, 3.25], "texture": "#1"},
				"south": {"uv": [4.75, 2.5, 5, 4.75], "texture": "#1"},
				"west": {"uv": [4, 3.25, 4.5, 5.5], "texture": "#1"},
				"up": {"uv": [5.25, 4.25, 5, 3.75], "texture": "#1"},
				"down": {"uv": [5.25, 4.25, 5, 4.75], "texture": "#1"}
			}
		},
		{
			"from": [-8, 5, 7.75],
			"to": [8, 12, 8.25],
			"rotation": {"angle": 0, "axis": "y", "origin": [-1, -2, 0]},
			"faces": {
				"north": {"uv": [0, 0, 4, 1.75], "texture": "#1"},
				"east": {"uv": [1, 5, 1.25, 6.75], "texture": "#1"},
				"south": {"uv": [0, 1.75, 4, 3.5], "texture": "#1"},
				"west": {"uv": [1.25, 5, 1.5, 6.75], "texture": "#1"},
				"up": {"uv": [8.5, 2.25, 4.5, 2], "texture": "#1"},
				"down": {"uv": [8.5, 2.25, 4.5, 2.5], "texture": "#1"}
			}
		},
		{
			"from": [-3, 13, 7],
			"to": [3, 14, 9],
			"rotation": {"angle": 0, "axis": "y", "origin": [-3, 5, 0]},
			"faces": {
				"north": {"uv": [1.5, 5, 3, 5.25], "texture": "#1"},
				"east": {"uv": [3.5, 5, 4, 5.25], "texture": "#1"},
				"south": {"uv": [5, 2.5, 6.5, 2.75], "texture": "#1"},
				"west": {"uv": [5, 3.5, 5.5, 3.75], "texture": "#1"},
				"up": {"uv": [2.5, 5, 1, 4.5], "texture": "#1"},
				"down": {"uv": [4, 4.5, 2.5, 5], "texture": "#1"}
			}
		},
		{
			"from": [-4, 14, 7],
			"to": [4, 15, 9],
			"rotation": {"angle": 0, "axis": "y", "origin": [-3, 6, 0]},
			"faces": {
				"north": {"uv": [1.5, 5, 3, 5.25], "texture": "#1"},
				"east": {"uv": [3.5, 5, 4, 5.25], "texture": "#1"},
				"south": {"uv": [5, 2.5, 6.5, 2.75], "texture": "#1"},
				"west": {"uv": [5, 3.5, 5.5, 3.75], "texture": "#1"},
				"up": {"uv": [2.5, 5, 1, 4.5], "texture": "#1"},
				"down": {"uv": [4, 4.5, 2.5, 5], "texture": "#1"}
			}
		},
		{
			"from": [-5, 15, 7],
			"to": [5, 16, 9],
			"rotation": {"angle": 0, "axis": "y", "origin": [-3, 6, 0]},
			"faces": {
				"north": {"uv": [1.5, 5, 3, 5.25], "texture": "#1"},
				"east": {"uv": [3.5, 5, 4, 5.25], "texture": "#1"},
				"south": {"uv": [5, 2.5, 6.5, 2.75], "texture": "#1"},
				"west": {"uv": [5, 3.5, 5.5, 3.75], "texture": "#1"},
				"up": {"uv": [2.5, 5, 1, 4.5], "texture": "#1"},
				"down": {"uv": [4, 4.5, 2.5, 5], "texture": "#1"}
			}
		},
		{
			"from": [-8, 12, 7],
			"to": [8, 13, 9],
			"rotation": {"angle": 0, "axis": "y", "origin": [-3, 4, 0]},
			"faces": {
				"north": {"uv": [4.5, 1, 8.5, 1.25], "texture": "#1"},
				"east": {"uv": [5, 2.75, 5.5, 3], "texture": "#1"},
				"south": {"uv": [4.5, 1.25, 8.5, 1.5], "texture": "#1"},
				"west": {"uv": [3, 5, 3.5, 5.25], "texture": "#1"},
				"up": {"uv": [4, 4, 0, 3.5], "texture": "#1"},
				"down": {"uv": [4, 4, 0, 4.5], "texture": "#1"}
			}
		},
		{
			"from": [-8, 4, 7],
			"to": [8, 5, 9],
			"rotation": {"angle": 0, "axis": "y", "origin": [-3, -4, 0]},
			"faces": {
				"north": {"uv": [4.5, 1.5, 8.5, 1.75], "texture": "#1"},
				"east": {"uv": [5, 3, 5.5, 3.25], "texture": "#1"},
				"south": {"uv": [4.5, 1.75, 8.5, 2], "texture": "#1"},
				"west": {"uv": [5, 3.25, 5.5, 3.5], "texture": "#1"},
				"up": {"uv": [8, 0.5, 4, 0], "texture": "#1"},
				"down": {"uv": [8, 0.5, 4, 1], "texture": "#1"}
			}
		}
	]
}