{
	"credit": "Made with Blockbench",
	"texture_size": [64, 64],
	"textures": {
		"0": "plant",
		"particle": "plant"
	},
	"elements": [
		{
			"from": [8, 9, 4],
			"to": [8, 32, 12],
			"rotation": {"angle": 0, "axis": "y", "origin": [16, 16, 0]},
			"faces": {
				"north": {"uv": [0, 0, 0, 5.75], "texture": "#0"},
				"east": {"uv": [0, 0, 2.25, 5.75], "texture": "#0"},
				"south": {"uv": [0, 0, 0, 5.75], "texture": "#0"},
				"west": {"uv": [2.75, 0, 4.75, 5.75], "texture": "#0"},
				"up": {"uv": [0, 2.5, 0, 0], "texture": "#0"},
				"down": {"uv": [0, 0, 0, 2.5], "texture": "#0"}
			}
		},
		{
			"from": [3, 0, 3],
			"to": [13, 9, 13],
			"faces": {
				"north": {"uv": [7.5, 0, 10, 2.25], "texture": "#0"},
				"east": {"uv": [7.5, 2.25, 10, 4.5], "texture": "#0"},
				"south": {"uv": [7.5, 4.5, 10, 6.75], "texture": "#0"},
				"west": {"uv": [7.5, 6.75, 10, 9], "texture": "#0"},
				"up": {"uv": [5, 8.25, 2.5, 5.75], "texture": "#0"},
				"down": {"uv": [7.5, 5.75, 5, 8.25], "texture": "#0"}
			}
		},
		{
			"from": [4, 9, 8],
			"to": [12, 32, 8],
			"rotation": {"angle": 0, "axis": "y", "origin": [0, 16, 0]},
			"faces": {
				"north": {"uv": [5, 0, 7.25, 5.75], "texture": "#0"},
				"east": {"uv": [12.25, 2.75, 12.25, 8.5], "texture": "#0"},
				"south": {"uv": [0, 5.75, 2.25, 11.5], "texture": "#0"},
				"west": {"uv": [11, 2.75, 11, 8.5], "texture": "#0"},
				"up": {"uv": [10, 11.25, 7.5, 11.25], "texture": "#0"},
				"down": {"uv": [6, 11.25, 3.5, 11.25], "texture": "#0"}
			}
		}
	],
	"groups": [
		{
			"name": "group",
			"origin": [0, 16, 0],
			"color": 0,
			"children": [0, 1, 2]
		}
	]
}