{
	"credit": "Made with Blockbench",
	"textures": {
		"0": "zestybar",
		"particle": "zestybar"
	},
	"elements": [
		{
			"from": [7.25, 8, 4.5],
			"to": [8.75, 9, 8],
			"rotation": {"angle": 0, "axis": "y", "origin": [7, 5, 6.25]},
			"faces": {
				"north": {"uv": [3, 8, 5, 9], "texture": "#0"},
				"east": {"uv": [2, 7, 6, 8], "texture": "#0"},
				"south": {"uv": [8, 4, 10, 5], "texture": "#0"},
				"west": {"uv": [8, 0, 12, 1], "texture": "#0"},
				"up": {"uv": [8, 4, 6, 0], "texture": "#0"},
				"down": {"uv": [8, 4, 6, 8], "texture": "#0"}
			}
		},
		{
			"from": [7.5, 5, 4.75],
			"to": [8.5, 12, 7.75],
			"rotation": {"angle": 0, "axis": "y", "origin": [7, 5, 6.25]},
			"faces": {
				"north": {"uv": [0, 7, 1, 14], "texture": "#0"},
				"east": {"uv": [0, 0, 3, 7], "texture": "#0"},
				"south": {"uv": [1, 7, 2, 14], "texture": "#0"},
				"west": {"uv": [3, 0, 6, 7], "texture": "#0"},
				"up": {"uv": [9, 4, 8, 1], "texture": "#0"},
				"down": {"uv": [3, 8, 2, 11], "texture": "#0"}
			}
		}
	],
	"display": {
		"thirdperson_righthand": {
			"translation": [0, -1, 0.25]
		}
	}
}