{
  "credit": "Made with Blockbench",
  "texture_size": [
    128,
    128
  ],
  "elements": [
    {
      "from": [
        -8,
        12,
        13
      ],
      "to": [
        5,
        31,
        14
      ],
      "rotation": {
        "angle": 0,
        "axis": "y",
        "origin": [
          -3,
          11,
          12
        ]
      },
      "faces": {
        "north": {
          "uv": [
            3.75,
            0,
            5.375,
            2.375
          ],
          "texture": "#0"
        },
        "east": {
          "uv": [
            6.75,
            4.75,
            6.875,
            7.125
          ],
          "texture": "#0"
        },
        "south": {
          "uv": [
            3.75,
            2.375,
            5.375,
            4.75
          ],
          "texture": "#0"
        },
        "west": {
          "uv": [
            6.875,
            4.75,
            7,
            7.125
          ],
          "texture": "#0"
        },
        "up": {
          "uv": [
            5.375,
            7.25,
            3.75,
            7.125
          ],
          "texture": "#0"
        },
        "down": {
          "uv": [
            8.75,
            4.75,
            7.125,
            4.875
          ],
          "texture": "#0"
        }
      }
    },
    {
      "from": [
        -8,
        31,
        12
      ],
      "to": [
        5,
        32,
        14
      ],
      "rotation": {
        "angle": 0,
        "axis": "y",
        "origin": [
          -17,
          31,
          12
        ]
      },
      "faces": {
        "north": {
          "uv": [
            7.125,
            4.875,
            8.75,
            5
          ],
          "texture": "#0"
        },
        "east": {
          "uv": [
            6.75,
            7.125,
            7,
            7.25
          ],
          "texture": "#0"
        },
        "south": {
          "uv": [
            7.125,
            5,
            8.75,
            5.125
          ],
          "texture": "#0"
        },
        "west": {
          "uv": [
            7.125,
            6.75,
            7.375,
            6.875
          ],
          "texture": "#0"
        },
        "up": {
          "uv": [
            7.5,
            3,
            5.875,
            2.75
          ],
          "texture": "#0"
        },
        "down": {
          "uv": [
            7.5,
            3,
            5.875,
            3.25
          ],
          "texture": "#0"
        }
      }
    },
    {
      "from": [
        5,
        11,
        12
      ],
      "to": [
        6,
        32,
        14
      ],
      "rotation": {
        "angle": 0,
        "axis": "y",
        "origin": [
          -3,
          11,
          12
        ]
      },
      "faces": {
        "north": {
          "uv": [
            3.625,
            5.25,
            3.75,
            7.875
          ],
          "texture": "#0"
        },
        "east": {
          "uv": [
            1.625,
            5.25,
            1.875,
            7.875
          ],
          "texture": "#0"
        },
        "south": {
          "uv": [
            5.875,
            4.75,
            6,
            7.375
          ],
          "texture": "#0"
        },
        "west": {
          "uv": [
            1.875,
            5.25,
            2.125,
            7.875
          ],
          "texture": "#0"
        },
        "up": {
          "uv": [
            5.875,
            7.25,
            5.75,
            7
          ],
          "texture": "#0"
        },
        "down": {
          "uv": [
            7.25,
            6.875,
            7.125,
            7.125
          ],
          "texture": "#0"
        }
      }
    },
    {
      "from": [
        -9,
        11,
        12
      ],
      "to": [
        -8,
        32,
        14
      ],
      "rotation": {
        "angle": 0,
        "axis": "y",
        "origin": [
          -17,
          11,
          12
        ]
      },
      "faces": {
        "north": {
          "uv": [
            6,
            4.75,
            6.125,
            7.375
          ],
          "texture": "#0"
        },
        "east": {
          "uv": [
            2.125,
            5.25,
            2.375,
            7.875
          ],
          "texture": "#0"
        },
        "south": {
          "uv": [
            6.125,
            4.75,
            6.25,
            7.375
          ],
          "texture": "#0"
        },
        "west": {
          "uv": [
            2.375,
            5.25,
            2.625,
            7.875
          ],
          "texture": "#0"
        },
        "up": {
          "uv": [
            7.125,
            7.375,
            7,
            7.125
          ],
          "texture": "#0"
        },
        "down": {
          "uv": [
            7.25,
            7.125,
            7.125,
            7.375
          ],
          "texture": "#0"
        }
      }
    },
    {
      "from": [
        -8,
        11,
        12
      ],
      "to": [
        5,
        12,
        14
      ],
      "rotation": {
        "angle": 0,
        "axis": "y",
        "origin": [
          -17,
          11,
          12
        ]
      },
      "faces": {
        "north": {
          "uv": [
            7.125,
            5.125,
            8.75,
            5.25
          ],
          "texture": "#0"
        },
        "east": {
          "uv": [
            3.75,
            7.25,
            4,
            7.375
          ],
          "texture": "#0"
        },
        "south": {
          "uv": [
            7.125,
            5.25,
            8.75,
            5.375
          ],
          "texture": "#0"
        },
        "west": {
          "uv": [
            4,
            7.25,
            4.25,
            7.375
          ],
          "texture": "#0"
        },
        "up": {
          "uv": [
            7.5,
            3.5,
            5.875,
            3.25
          ],
          "texture": "#0"
        },
        "down": {
          "uv": [
            7.5,
            3.5,
            5.875,
            3.75
          ],
          "texture": "#0"
        }
      }
    },
    {
      "from": [
        -9,
        11,
        14
      ],
      "to": [
        6,
        32,
        16
      ],
      "rotation": {
        "angle": 0,
        "axis": "y",
        "origin": [
          -3,
          11,
          14
        ]
      },
      "faces": {
        "north": {
          "uv": [
            0,
            0,
            1.875,
            2.625
          ],
          "texture": "#0"
        },
        "east": {
          "uv": [
            2.625,
            5.25,
            2.875,
            7.875
          ],
          "texture": "#0"
        },
        "south": {
          "uv": [
            1.875,
            0,
            3.75,
            2.625
          ],
          "texture": "#0"
        },
        "west": {
          "uv": [
            2.875,
            5.25,
            3.125,
            7.875
          ],
          "texture": "#0"
        },
        "up": {
          "uv": [
            7.75,
            2,
            5.875,
            1.75
          ],
          "texture": "#0"
        },
        "down": {
          "uv": [
            7.75,
            2,
            5.875,
            2.25
          ],
          "texture": "#0"
        }
      }
    },
    {
      "from": [
        -3,
        4,
        14
      ],
      "to": [
        20,
        9,
        16
      ],
      "rotation": {
        "angle": 0,
        "axis": "y",
        "origin": [
          7,
          -12,
          14
        ]
      },
      "faces": {
        "north": {
          "uv": [
            5.375,
            0,
            8.25,
            0.625
          ],
          "texture": "#0"
        },
        "east": {
          "uv": [
            5.5,
            7,
            5.75,
            7.625
          ],
          "texture": "#0"
        },
        "south": {
          "uv": [
            5.375,
            0.625,
            8.25,
            1.25
          ],
          "texture": "#0"
        },
        "west": {
          "uv": [
            7.125,
            6.125,
            7.375,
            6.75
          ],
          "texture": "#0"
        },
        "up": {
          "uv": [
            8.25,
            1.5,
            5.375,
            1.25
          ],
          "texture": "#0"
        },
        "down": {
          "uv": [
            8.25,
            1.5,
            5.375,
            1.75
          ],
          "texture": "#0"
        }
      }
    },
    {
      "from": [
        10,
        11,
        12
      ],
      "to": [
        11,
        32,
        14
      ],
      "rotation": {
        "angle": 0,
        "axis": "y",
        "origin": [
          2,
          11,
          12
        ]
      },
      "faces": {
        "north": {
          "uv": [
            6.25,
            4.75,
            6.375,
            7.375
          ],
          "texture": "#0"
        },
        "east": {
          "uv": [
            3.125,
            5.25,
            3.375,
            7.875
          ],
          "texture": "#0"
        },
        "south": {
          "uv": [
            6.375,
            4.75,
            6.5,
            7.375
          ],
          "texture": "#0"
        },
        "west": {
          "uv": [
            3.375,
            5.25,
            3.625,
            7.875
          ],
          "texture": "#0"
        },
        "up": {
          "uv": [
            4.375,
            7.5,
            4.25,
            7.25
          ],
          "texture": "#0"
        },
        "down": {
          "uv": [
            4.5,
            7.25,
            4.375,
            7.5
          ],
          "texture": "#0"
        }
      }
    },
    {
      "from": [
        11,
        11,
        12
      ],
      "to": [
        24,
        12,
        14
      ],
      "rotation": {
        "angle": 0,
        "axis": "y",
        "origin": [
          2,
          11,
          12
        ]
      },
      "faces": {
        "north": {
          "uv": [
            7.125,
            5.375,
            8.75,
            5.5
          ],
          "texture": "#0"
        },
        "east": {
          "uv": [
            4.5,
            7.25,
            4.75,
            7.375
          ],
          "texture": "#0"
        },
        "south": {
          "uv": [
            7.125,
            5.5,
            8.75,
            5.625
          ],
          "texture": "#0"
        },
        "west": {
          "uv": [
            4.75,
            7.25,
            5,
            7.375
          ],
          "texture": "#0"
        },
        "up": {
          "uv": [
            7.5,
            4,
            5.875,
            3.75
          ],
          "texture": "#0"
        },
        "down": {
          "uv": [
            7.5,
            4,
            5.875,
            4.25
          ],
          "texture": "#0"
        }
      }
    },
    {
      "from": [
        24,
        11,
        12
      ],
      "to": [
        25,
        32,
        14
      ],
      "rotation": {
        "angle": 0,
        "axis": "y",
        "origin": [
          16,
          11,
          12
        ]
      },
      "faces": {
        "north": {
          "uv": [
            6.5,
            4.75,
            6.625,
            7.375
          ],
          "texture": "#0"
        },
        "east": {
          "uv": [
            5.375,
            1.75,
            5.625,
            4.375
          ],
          "texture": "#0"
        },
        "south": {
          "uv": [
            6.625,
            4.75,
            6.75,
            7.375
          ],
          "texture": "#0"
        },
        "west": {
          "uv": [
            5.375,
            4.375,
            5.625,
            7
          ],
          "texture": "#0"
        },
        "up": {
          "uv": [
            5.125,
            7.5,
            5,
            7.25
          ],
          "texture": "#0"
        },
        "down": {
          "uv": [
            5.25,
            7.25,
            5.125,
            7.5
          ],
          "texture": "#0"
        }
      }
    },
    {
      "from": [
        11,
        31,
        12
      ],
      "to": [
        24,
        32,
        14
      ],
      "rotation": {
        "angle": 0,
        "axis": "y",
        "origin": [
          2,
          31,
          12
        ]
      },
      "faces": {
        "north": {
          "uv": [
            7.125,
            5.625,
            8.75,
            5.75
          ],
          "texture": "#0"
        },
        "east": {
          "uv": [
            6.75,
            7.25,
            7,
            7.375
          ],
          "texture": "#0"
        },
        "south": {
          "uv": [
            7.125,
            5.75,
            8.75,
            5.875
          ],
          "texture": "#0"
        },
        "west": {
          "uv": [
            7.25,
            6.875,
            7.5,
            7
          ],
          "texture": "#0"
        },
        "up": {
          "uv": [
            7.5,
            4.5,
            5.875,
            4.25
          ],
          "texture": "#0"
        },
        "down": {
          "uv": [
            7.5,
            4.5,
            5.875,
            4.75
          ],
          "texture": "#0"
        }
      }
    },
    {
      "from": [
        10,
        11,
        14
      ],
      "to": [
        25,
        32,
        16
      ],
      "rotation": {
        "angle": 0,
        "axis": "y",
        "origin": [
          16,
          11,
          14
        ]
      },
      "faces": {
        "north": {
          "uv": [
            0,
            2.625,
            1.875,
            5.25
          ],
          "texture": "#0"
        },
        "east": {
          "uv": [
            5.625,
            1.75,
            5.875,
            4.375
          ],
          "texture": "#0"
        },
        "south": {
          "uv": [
            1.875,
            2.625,
            3.75,
            5.25
          ],
          "texture": "#0"
        },
        "west": {
          "uv": [
            5.625,
            4.375,
            5.875,
            7
          ],
          "texture": "#0"
        },
        "up": {
          "uv": [
            7.75,
            2.5,
            5.875,
            2.25
          ],
          "texture": "#0"
        },
        "down": {
          "uv": [
            7.75,
            2.5,
            5.875,
            2.75
          ],
          "texture": "#0"
        }
      }
    },
    {
      "from": [
        11,
        12,
        13
      ],
      "to": [
        24,
        31,
        14
      ],
      "rotation": {
        "angle": 0,
        "axis": "y",
        "origin": [
          16,
          11,
          12
        ]
      },
      "faces": {
        "north": {
          "uv": [
            3.75,
            4.75,
            5.375,
            7.125
          ],
          "texture": "#0"
        },
        "east": {
          "uv": [
            7,
            4.75,
            7.125,
            7.125
          ],
          "texture": "#0"
        },
        "south": {
          "uv": [
            0,
            5.25,
            1.625,
            7.625
          ],
          "texture": "#0"
        },
        "west": {
          "uv": [
            5.375,
            7,
            5.5,
            9.375
          ],
          "texture": "#0"
        },
        "up": {
          "uv": [
            8.75,
            6,
            7.125,
            5.875
          ],
          "texture": "#0"
        },
        "down": {
          "uv": [
            8.75,
            6,
            7.125,
            6.125
          ],
          "texture": "#0"
        }
      }
    }
  ],
  "groups": [
    {
      "name": "group",
      "origin": [
        16,
        9,
        14
      ],
      "color": 0,
      "children": [
        {
          "name": "group",
          "origin": [
            -3,
            9,
            14
          ],
          "color": 0,
          "children": [
            0,
            1,
            2,
            3,
            4,
            5
          ]
        },
        6,
        {
          "name": "group",
          "origin": [
            16,
            9,
            14
          ],
          "color": 0,
          "children": [
            7,
            8,
            9,
            10,
            11,
            12
          ]
        }
      ]
    }
  ]
}