{
  "credit": "Made with Blockbench",
  "texture_size": [
    64,
    64
  ],
  "elements": [
    {
      "from": [
        0,
        14,
        0
      ],
      "to": [
        16,
        16,
        16
      ],
      "faces": {
        "north": {
          "uv": [
            8,
            0,
            12,
            0.5
          ],
          "texture": "#0"
        },
        "east": {
          "uv": [
            8,
            0.5,
            12,
            1
          ],
          "texture": "#0"
        },
        "south": {
          "uv": [
            8,
            1,
            12,
            1.5
          ],
          "texture": "#0"
        },
        "west": {
          "uv": [
            8,
            1.5,
            12,
            2
          ],
          "texture": "#0"
        },
        "up": {
          "uv": [
            4,
            4,
            0,
            0
          ],
          "texture": "#0"
        },
        "down": {
          "uv": [
            4,
            4,
            0,
            8
          ],
          "texture": "#0"
        }
      }
    },
    {
      "from": [
        1,
        0,
        0
      ],
      "to": [
        2,
        14,
        16
      ],
      "rotation": {
        "angle": 0,
        "axis": "y",
        "origin": [
          -13,
          0,
          16
        ]
      },
      "faces": {
        "north": {
          "uv": [
            8,
            3,
            8.25,
            6.5
          ],
          "texture": "#0"
        },
        "east": {
          "uv": [
            4,
            3.5,
            8,
            7
          ],
          "texture": "#0"
        },
        "south": {
          "uv": [
            8,
            6.5,
            8.25,
            10
          ],
          "texture": "#0"
        },
        "west": {
          "uv": [
            4,
            0,
            8,
            3.5
          ],
          "texture": "#0"
        },
        "up": {
          "uv": [
            12,
            2.25,
            8,
            2
          ],
          "rotation": 270,
          "texture": "#0"
        },
        "down": {
          "uv": [
            12,
            2.25,
            8,
            2.5
          ],
          "rotation": 90,
          "texture": "#0"
        }
      }
    },
    {
      "from": [
        14,
        0,
        0
      ],
      "to": [
        15,
        14,
        16
      ],
      "rotation": {
        "angle": 0,
        "axis": "y",
        "origin": [
          0,
          0,
          16
        ]
      },
      "faces": {
        "north": {
          "uv": [
            8,
            3,
            8.25,
            6.5
          ],
          "texture": "#0"
        },
        "east": {
          "uv": [
            4,
            3.5,
            8,
            7
          ],
          "texture": "#0"
        },
        "south": {
          "uv": [
            8,
            6.5,
            8.25,
            10
          ],
          "texture": "#0"
        },
        "west": {
          "uv": [
            4,
            0,
            8,
            3.5
          ],
          "texture": "#0"
        },
        "up": {
          "uv": [
            12,
            2.25,
            8,
            2
          ],
          "rotation": 270,
          "texture": "#0"
        },
        "down": {
          "uv": [
            12,
            2.25,
            8,
            2.5
          ],
          "rotation": 90,
          "texture": "#0"
        }
      }
    }
  ]
}