{
  "credit": "Made with Blockbench",
  "texture_size": [
    128,
    128
  ],
  "elements": [
    {
      "from": [
        -8,
        0,
        0
      ],
      "to": [
        24,
        32,
        16
      ],
      "rotation": {
        "angle": 0,
        "axis": "y",
        "origin": [
          -8,
          0,
          0
        ]
      },
      "faces": {
        "north": {
          "uv": [
            0,
            0,
            4,
            4
          ],
          "texture": "#0"
        },
        "east": {
          "uv": [
            4,
            0,
            6,
            4
          ],
          "texture": "#0"
        },
        "south": {
          "uv": [
            0,
            4,
            4,
            8
          ],
          "texture": "#0"
        },
        "west": {
          "uv": [
            4,
            4,
            6,
            8
          ],
          "texture": "#0"
        },
        "up": {
          "uv": [
            10,
            2,
            6,
            0
          ],
          "texture": "#0"
        },
        "down": {
          "uv": [
            10,
            2,
            6,
            4
          ],
          "texture": "#0"
        }
      }
    }
  ]
}