{
  "credit": "Made with Blockbench",
  "texture_size": [
    64,
    64
  ],
  "elements": [
    {
      "from": [
        0,
        0,
        0
      ],
      "to": [
        16,
        32,
        16
      ],
      "faces": {
        "north": {
          "uv": [
            0,
            0,
            4,
            8
          ],
          "texture": "#0"
        },
        "east": {
          "uv": [
            4,
            0,
            8,
            8
          ],
          "texture": "#0"
        },
        "south": {
          "uv": [
            0,
            8,
            4,
            16
          ],
          "texture": "#0"
        },
        "west": {
          "uv": [
            8,
            0,
            12,
            8
          ],
          "texture": "#0"
        },
        "up": {
          "uv": [
            8,
            12,
            4,
            8
          ],
          "texture": "#0"
        },
        "down": {
          "uv": [
            12,
            8,
            8,
            12
          ],
          "texture": "#0"
        }
      }
    }
  ]
}