{
  "credit": "Made with Blockbench",
  "ambientocclusion": false,
  "texture_size": [
    32,
    32
  ],
  "elements": [
    {
      "from": [
        1,
        4,
        14.9
      ],
      "to": [
        15,
        27,
        15.9
      ],
      "rotation": {
        "angle": 0,
        "axis": "y",
        "origin": [
          0,
          -2,
          0
        ]
      },
      "faces": {
        "north": {
          "uv": [
            0,
            0,
            7,
            11.5
          ],
          "texture": "#0"
        },
        "east": {
          "uv": [
            0,
            0,
            0,
            11.5
          ],
          "texture": "#0"
        },
        "south": {
          "uv": [
            7,
            0,
            14,
            11.5
          ],
          "texture": "#0"
        },
        "west": {
          "uv": [
            0,
            0,
            0,
            11.5
          ],
          "texture": "#0"
        },
        "up": {
          "uv": [
            7,
            0,
            0,
            0
          ],
          "texture": "#0"
        },
        "down": {
          "uv": [
            7,
            0,
            0,
            0
          ],
          "texture": "#0"
        }
      }
    },
    {
      "from": [
        1,
        1,
        14.9
      ],
      "to": [
        15,
        4,
        15.9
      ],
      "rotation": {
        "angle": 22.5,
        "axis": "x",
        "origin": [
          8,
          4,
          15.9
        ]
      },
      "faces": {
        "north": {
          "uv": [
            0,
            11.5,
            7,
            13
          ],
          "texture": "#0"
        },
        "east": {
          "uv": [
            0,
            0,
            0,
            1.5
          ],
          "texture": "#0"
        },
        "south": {
          "uv": [
            7,
            11.5,
            14,
            13
          ],
          "texture": "#0"
        },
        "west": {
          "uv": [
            0,
            0,
            0,
            1.5
          ],
          "texture": "#0"
        },
        "up": {
          "uv": [
            7,
            0,
            0,
            0
          ],
          "texture": "#0"
        },
        "down": {
          "uv": [
            7,
            0,
            0,
            0
          ],
          "texture": "#0"
        }
      }
    }
  ]
}