{
  "credit": "Made with Blockbench",
  "texture_size": [
    128,
    128
  ],
  "elements": [
    {
      "from": [
        -16,
        0,
        7
      ],
      "to": [
        32,
        32,
        9
      ],
      "faces": {
        "north": {
          "uv": [
            0,
            0,
            6,
            4
          ],
          "texture": "#0"
        },
        "east": {
          "uv": [
            6,
            0.5,
            6.25,
            4.5
          ],
          "texture": "#0"
        },
        "south": {
          "uv": [
            0,
            4,
            6,
            8
          ],
          "texture": "#0"
        },
        "west": {
          "uv": [
            6,
            4.5,
            6.25,
            8.5
          ],
          "texture": "#0"
        },
        "up": {
          "uv": [
            12,
            0.25,
            6,
            0
          ],
          "texture": "#0"
        },
        "down": {
          "uv": [
            12,
            0.25,
            6,
            0.5
          ],
          "texture": "#0"
        }
      }
    }
  ]
}