{
  "_fv": 66,
  "_type": "item",
  "definition": {
    "renderType": 1,
    "texture": "zestybar_icon",
    "customModelName": "zestybar:default",
    "customProperties": {},
    "states": [],
    "name": "Energy Flavored Zesty Bar",
    "rarity": "COMMON",
    "creativeTabs": [
      {
        "value": "CUSTOM:UntitledBaldiMod"
      }
    ],
    "stackSize": 1,
    "enchantability": 0,
    "useDuration": 32,
    "toolType": 1.0,
    "damageCount": 0,
    "recipeRemainder": {
      "value": ""
    },
    "destroyAnyBlock": false,
    "immuneToFire": false,
    "stayInGridWhenCrafting": false,
    "damageOnCrafting": false,
    "enableMeleeDamage": false,
    "damageVsEntity": 0.0,
    "specialInformation": {
      "fixedValue": []
    },
    "glowCondition": {
      "fixedValue": false
    },
    "guiBoundTo": "<NONE>",
    "inventorySize": 9,
    "inventoryStackSize": 64,
    "onFinishUsingItem": {
      "name": "SpeedBoost"
    },
    "enableRanged": false,
    "shootConstantly": false,
    "rangedItemChargesPower": false,
    "projectile": {
      "value": "Arrow"
    },
    "isFood": true,
    "nutritionalValue": 3,
    "saturation": 0.3,
    "eatResultItem": {
      "value": ""
    },
    "isMeat": false,
    "isAlwaysEdible": true,
    "animation": "eat"
  }
}